year,sum,mean,min,max
2021,3956,329.666666666667,153,640
2022,3499,291.583333333333,118,567
2023,2137.402368,194.309306181818,97.212,350.686